<theme>
    <formatVersion>3</formatVersion>
    <include>./../material.xml</include>

	<view name="system">

		<image name="background" extra="true">
			<color>c20000</color>
		</image>

		<text name="desc" extra="true">
			<text>The Colecovision is a home video game console released by Coleco in 1982. It features a unique gamepad which is a mixture of a phone keypad and a joystick</text>
		</text>
	</view>

	<view name="basic, detailed, grid, video">
		
		<image name="background">
			<color>c20000</color>
		</image>

	</view>

</theme>
