<theme>
    <formatVersion>3</formatVersion>
    <include>./../material.xml</include>

	<view name="system">

		<image name="background" extra="true">
			<color>3c6fc8</color>
		</image>

		<text name="desc" extra="true">
			<text>The Atari 5200 SuperSystem, or simply called the Atari 5200, is a video game console that was first introduced in 1982 by Atari, as the next generation of the Atari 2600 game console.</text>
		</text>
	</view>

	<view name="basic, detailed, grid, video">
		
		<image name="background">
			<color>3c6fc8</color>
		</image>

	</view>
</theme>
