<theme>
    <formatVersion>3</formatVersion>
    <include>./../material.xml</include>

	<view name="system">

		<image name="background" extra="true">
			<color>019546</color>
		</image>

		<image name="controller" extra="true">
			<path>./zelda.svg</path>
			<origin>1 0.5</origin>
			<pos>0.995 0.83</pos>
			<maxSize>0.28 0.3</maxSize>
			<color>000000</color>
		</image>
		<image name="console" extra="true">
			<path>./zelda.png</path>
			<origin>0.5 0.5</origin>
			<pos>0.5 0.17</pos>
			<maxSize>0.2 0.2</maxSize>
		</image>

		<text name="desc" extra="true">
			<text>The Legend of Zelda is an action-adventure game franchise created by the Japanese game designers Shigeru Miyamoto and Takashi Tezuka. It is primarily developed and published by Nintendo</text>
		</text>
	</view>

	<view name="basic, detailed, grid, video">
		
		<image name="background">
			<color>019546</color>
		</image>

	</view>
</theme>
