<theme>
    <formatVersion>3</formatVersion>
    <include>./../material.xml</include>

	<view name="system">

		<image name="background" extra="true">
			<color>fdbc1c</color>
		</image>

		<text name="desc" extra="true">
			<text>The Family Computer Disk System a.k.a. Famicom Disk System was released in Japan in 1986. It is an add-on to the Famicom and used floppy disks.</text>
		</text>
	</view>

	<view name="basic, detailed, grid, video">
		
		<image name="background">
			<color>fdbc1c</color>
		</image>

	</view>

</theme>
