<theme>
    <formatVersion>3</formatVersion>
    <include>./../material.xml</include>

	<view name="system">

		<image name="background" extra="true">
			<color>019546</color>
		</image>

		<text name="desc" extra="true">
			<text>The Super Nintendo Entertainment System (or SNES) was a 4th generation video game console released by Nintendo in 1991. It is one of the most popular consoles.</text>
		</text>
	</view>

	<view name="basic, detailed, grid, video">
		
		<image name="background">
			<color>019546</color>
		</image>

	</view>
</theme>
