<theme>
    <formatVersion>3</formatVersion>
    <include>./../material.xml</include>

	<view name="system">

		<image name="background" extra="true">
			<color>ce021b</color>
		</image>

		<image name="logo">
			<path>./logo.svg</path>
		</image>
				
		<text name="desc" extra="true">
			<text>The Virtual Boy was Nintendo's attempt at virtual reality in 1995 and it was a horrid commercial failure.</text>
		</text>

	</view>

	<view name="basic, detailed, grid, video">

		<image name="background">
			<color>ce021b</color>
		</image>

		<image name="logo">
			<path>./system.svg</path>
			<color>FFFFFF</color>
		</image>
	</view>
</theme>
