<theme>
    <formatVersion>3</formatVersion>
    <include>./../material.xml</include>

	<view name="system">

		<image name="background" extra="true">
			<color>ffcc00</color>
		</image>

		<text name="desc" extra="true">
			<text>The Atari Lynx is the world's first handheld gaming console with a color screen. It was released by Atari in 1989</text>
		</text>
	</view>

	<view name="basic, detailed, grid, video">
		
		<image name="background">
			<color>ffcc00</color>
		</image>

	</view>

</theme>
