<!--
theme name:		Super Material
version:		1.0
author:			certified404boi
email:			abu.abby.sujan@gmail.com
license:		creative commons CC-BY-NC-SA
an enhanced version of "material"
based on "material" by lilbud
-->

<theme>
    <formatVersion>4</formatVersion>

	<variables>
		<themecolor>202020</themecolor>
	</variables>

	<view name="system">

		<carousel name="systemcarousel">
			<type>horizontal</type>
			<color>${themecolor}</color>
		</carousel>

		<text name="systemInfo">
			<color>ffffff</color>
			<backgroundColor>000000a0</backgroundColor>
			<fontPath>./art/nintendo-nes-font.ttf</fontPath>
		</text>

		<image name="background" extra="true">
			<tile>true</tile>
			<pos>0 0</pos>
			<origin>0 0</origin>
			<size>1 1</size>
			<path>./art/box.png</path>
			<color>808080</color>
		</image>

		<image name="logo">
			<path>./${system.theme}/system.svg</path>
		</image>
		<text name="logoText">
	            <fontPath>./art/nintendo-nes-font.ttf</fontPath>
	            <color>000000</color>
	            <forceUppercase>true</forceUppercase>
	        </text>     

		<helpsystem name="help">
			<textColor>ffffff</textColor>
			<iconColor>ffffff</iconColor>
		</helpsystem>
		
		<image name="controller" extra="true">
			<path>./art/controllers/${system.theme}.svg</path>
			<origin>1 0.5</origin>
			<pos>0.995 0.83</pos>
			<maxSize>0.28 0.3</maxSize>
			<color>000000</color>
		</image>
		<image name="console" extra="true">
			<path>./art/console/${system.theme}.png</path>
			<origin>0.5 0.5</origin>
			<pos>0.5 0.17</pos>
			<maxSize>0.2 0.2</maxSize>
		</image>
		<text name="desc" extra="true">
			<color>000000</color>
			<forceUppercase>0</forceUppercase>
			<fontPath>./art/nintendo-nes-font.ttf</fontPath>
			<fontSize>0.025</fontSize>
			<size>0.5 0.1</size>
			<origin>0 0</origin>
			<pos>0.005 0.77</pos>
		</text>
	</view>

	<view name="basic, detailed, grid, video">

		<text name="md_lbl_rating, md_lbl_releasedate, md_lbl_developer, md_lbl_publisher, md_lbl_genre, md_lbl_players, md_lbl_lastplayed, md_lbl_playcount">
			<color>393a3b</color>
			<forceUppercase>1</forceUppercase>
			<fontPath>./art/nintendo-nes-font.ttf</fontPath>
			<fontSize>0.02</fontSize>
			<size>0.12 0.3</size>
			<pos>1 1</pos>
		</text>

		<text name="md_developer, md_publisher, md_genre, md_players, md_playcount, md_description">
			<color>393a3b</color>
			<forceUppercase>1</forceUppercase>
			<fontPath>./art/nintendo-nes-font.ttf</fontPath>
			<fontSize>0.02</fontSize>
			<size>0.14 0.03</size>
			<pos>1 1</pos>
		</text>

		<helpsystem name="help">
			<textColor>ffffffff</textColor>
			<iconColor>ffffffff</iconColor>
		</helpsystem>

		<datetime name="md_releasedate, md_lastplayed">
			<color>393a3b</color>
			<forceUppercase>1</forceUppercase>
			<fontPath>./art/nintendo-nes-font.ttf</fontPath>
			<fontSize>0.015</fontSize>
			<size>0 0.04</size>
			<pos>1 1</pos>
		</datetime>

		<image name="background">
			<pos>0 0</pos>
			<origin>0 0</origin>
			<size>1 1</size>
			<path>./art/box.png</path>
			<color>808080</color>
		</image> 

		<image name="header, righter" extra="true">
			<path>./art/box.png</path>
			<pos>0 0</pos>
			<origin>0 0</origin>
			<size>1 0.16</size>
			<color>${themecolor}</color>
		</image>

		<image name="footer" extra="true">
			<path>./art/box.png</path>
			<pos>0 1</pos>
			<origin>0 1</origin>
			<size>1 0.065</size>
			<color>${themecolor}</color>
		</image>

		<image name="logo">
			<path>./${system.theme}/logo.svg</path>
			<pos>0.5 0.03</pos>
			<maxSize>0.55 0.1</maxSize>
		</image>
		<text name="logoText">
			<origin>0.5 0</origin>
            		<pos>0.5 0.03</pos>
            		<size>0.55 0.1</size>
            		<fontSize>0.1</fontSize>
            		<fontPath>./art/nintendo-nes-font.ttf</fontPath>
            		<color>ffffff</color>
            		<forceUppercase>true</forceUppercase>
        	</text>

		<sound name="launch">
			<path>./art/coin.wav</path>
		</sound>

	</view>

	<view name="basic">

		<textlist name="gamelist">
			<selectorColor>${themecolor}</selectorColor>
			<selectedColor>ffffff</selectedColor>
			<primaryColor>ffffff</primaryColor>
			<secondaryColor>ffffff</secondaryColor>
			<fontPath>./art/nintendo-nes-font.ttf</fontPath>
			<fontSize>0.03</fontSize>
			<forceUppercase>0</forceUppercase>
			<pos>0.025 0.2</pos>
			<size>0.950 0.73</size>
			<alignment>center</alignment>
			<horizontalMargin>0.03</horizontalMargin>
			<scrollSound>./art/scroll.wav</scrollSound>
		</textlist>

	</view>

	<view name="detailed, video">

		<textlist name="gamelist">
			<selectorColor>${themecolor}</selectorColor>
			<selectedColor>ffffff</selectedColor>
			<primaryColor>ffffff</primaryColor>
			<secondaryColor>ffffff</secondaryColor>
			<fontPath>./art/nintendo-nes-font.ttf</fontPath>
			<fontSize>0.036</fontSize>
			<forceUppercase>0</forceUppercase>
			<pos>0.01 0.12</pos>
			<size>0.4 0.8</size>
			<alignment>left</alignment>
			<horizontalMargin>0.01</horizontalMargin>
			<scrollSound>./art/scroll.wav</scrollSound>
		</textlist>	

		<image name="md_image">
			<pos>0.725 0.33</pos>
			<maxSize>0.400 0.4</maxSize>
			<origin>0.5 0.5</origin>
		</image>
		<image name="header" extra="true">
			<path>./art/box.png</path>
			<pos>0 0</pos>
			<origin>0 0</origin>
			<size>1 0.1</size>
			<color>${themecolor}</color>
		</image>

		<image name="footer" extra="true">
			<path>./art/box.png</path>
			<pos>0 1</pos>
			<origin>0 1</origin>
			<size>1 0.065</size>
			<color>${themecolor}</color>
		</image>

		<image name="righter" extra="true">
			<path>./art/box.png</path>
			<pos>1 0</pos>
			<origin>1 0</origin>
			<size>0.55 1</size>
			<color>${themecolor}</color>
		</image>

		<image name="md_helper" extra="true">
			<path>./art/box.png</path>
			<pos>0.975 0.52</pos>
			<origin>1 0.5</origin>
			<size>0.5 0.82</size>
			<color>101010</color>
		</image>

		<text name="md_description">
			<color>ffffff</color>
			<forceUppercase>0</forceUppercase>
			<fontPath>./art/nintendo-nes-font.ttf</fontPath>
			<fontSize>0.025</fontSize>
			<size>0.45 0.2</size>
			<pos>0.5 0.70</pos>
		</text>
		
		<text name="md_lbl_rating, md_lbl_releasedate, md_lbl_developer, md_lbl_publisher, md_lbl_genre, md_lbl_players, md_lbl_lastplayed, md_lbl_playcount">
			<color>ffffff</color>
			<forceUppercase>0</forceUppercase>
			<fontPath>./art/nintendo-nes-font.ttf</fontPath>
			<fontSize>0.02</fontSize>
			<size>0.3 0.02</size>
		</text>
		
		<text name="md_developer, md_publisher, md_genre, md_players, md_playcount, md_releasedate">
			<color>b0b0b0</color>
			<forceUppercase>0</forceUppercase>
			<fontPath>./art/nintendo-nes-font.ttf</fontPath>
			<fontSize>0.02</fontSize>
			<size>0.15 0.02</size>
		</text>

		<text name="md_lbl_rating">
			<pos>0.5 0.55</pos>
		</text>

		<rating name="md_rating">
			<pos>0.6 0.55</pos>
			<size>0.02 0.02</size>
			<filledPath>./art/star_filled_spacing.svg</filledPath>
			<unfilledPath>./art/star_hollow_3_spacing.svg</unfilledPath>
		</rating>
		
		<text name="md_lbl_releasedate">
			<pos>0.5 0.60</pos>
		</text>
				
		<datetime name="md_releasedate">
			<pos>0.6 0.60</pos>
		</datetime>
		
		<text name="md_lbl_players">
			<pos>0.5 0.65</pos>
		</text>
		
		<text name="md_players">
			<pos>0.6 0.65</pos>
		</text>

		<text name="md_lbl_genre">
			<pos>0.721 0.55</pos>
		</text>
		
		<text name="md_genre">
			<pos>0.821 0.55</pos>
		</text>

		<text name="md_lbl_developer">
			<pos>0.721 0.60</pos>
		</text>
		
		<text name="md_developer">
			<pos>0.821 0.60</pos>
		</text>
		
		<text name="md_lbl_publisher">
			<pos>0.721 0.65</pos>
		</text>
		
		<text name="md_publisher">
			<pos>0.821 0.65</pos>
		</text>
		<text name="logoText">
 			<origin>0.5 0</origin>
			<pos>0.2 0.019</pos>
			<size>0.4 0.06</size>
        	</text>

		<image name="logo">
			<origin>0.5 0</origin>
			<pos>0.2 0.019</pos>
			<maxSize>0.4 0.06</maxSize>
		</image>
	</view>

	<view name="grid">

		<text name="logoText">
 			<origin>0 0</origin>
			<pos>0.3 0.02</pos>
			<size>0.26 0.1</size>
        	</text>

		<image name="logo">
			<origin>0 0</origin>
			<pos>0.3 0.02</pos>
			<maxSize>0.26 0.1</maxSize>
		</image>

		<image name="righter" extra="true">
			<path>./art/box.png</path>
			<pos>.71 0</pos>
			<origin>0 0</origin>
			<size>.29 1</size>
		</image>

		<image name="header" extra="true">
			<path>null</path>
		</image>

		<image name="footer" extra="true">
			<path>./art/box.png</path>
		</image>

		<text name="md_grid">
			<pos>0.047 0.058</pos>
			<size>.6 .8</size>
		</text>
		
		<text name="md_title">
			<color>424242</color>
			<pos>1 1</pos>
		</text>
		

		<imagegrid name="gamegrid">
			<pos>0.047 0.118</pos>
			<size>.6 .8</size>
			<margin>0.03 0.03</margin>
			<autoLayout>4 3</autoLayout>
		</imagegrid>

		<gridtile name="default">
			<size>0.18 0.1775</size>
			<backgroundImage>./art/selector.png</backgroundImage>
			<backgroundColor>42424200</backgroundColor>
		</gridtile>

		<gridtile name="selected">
			<size>0.18 0.24</size>

		</gridtile>	

		<text name="md_name">
			<pos>0.721 0.057</pos>
			<origin>0 0</origin>
			<color>FFFFFF</color>
		</text>
		
		<text name="md_description">
			<color>ffffff</color>
			<forceUppercase>0</forceUppercase>
			<fontPath>./art/nintendo-nes-font.ttf</fontPath>
			<fontSize>0.03</fontSize>
			<size>0.262 0.323</size>
			<pos>0.721 0.5</pos>
		</text>
		
		<text name="md_lbl_rating">
			<color>ffffff</color>
			<forceUppercase>0</forceUppercase>
			<fontPath>./art/nintendo-nes-font.ttf</fontPath>
			<fontSize>0.03</fontSize>
			<size>0.12 0.04</size>
			<pos>0.721 0.17</pos>
		</text>
		
		<text name="md_lbl_releasedate, md_lbl_developer, md_lbl_publisher, md_lbl_genre, md_lbl_players, md_lbl_lastplayed, md_lbl_playcount">
			<color>ffffff</color>
			<forceUppercase>0</forceUppercase>
			<fontPath>./art/nintendo-nes-font.ttf</fontPath>
			<fontSize>0.025</fontSize>
			<size>0.12 0.025</size>
		</text>
		
		<text name="md_developer, md_publisher, md_genre, md_players, md_playcount, md_releasedate">
			<color>ffffff</color>
			<forceUppercase>0</forceUppercase>
			<fontPath>./art/nintendo-nes-font.ttf</fontPath>
			<fontSize>0.025</fontSize>
			<size>0.14 0.025</size>
		</text>

		<rating name="md_rating">
			<pos>0.79 0.175</pos>
			<size>0.028 0.028</size>
			<filledPath>./art/star_filled_spacing.svg</filledPath>
			<unfilledPath>./art/star_hollow_3_spacing.svg</unfilledPath>
		</rating>
		
		<text name="md_lbl_releasedate">
			<pos>0.721 0.22</pos>
		</text>
		
		<text name="md_lbl_genre">
			<pos>0.721 0.32</pos>
		</text>

		
		<datetime name="md_releasedate">
			<pos>0.8 0.22</pos>
		</datetime>
		
		<text name="md_lbl_players">
			<pos>0.721 0.27</pos>
		</text>
		
		<text name="md_players">
			<pos>0.79 0.27</pos>
		</text>

		<text name="md_lbl_developer">
			<pos>0.721 0.37</pos>
		</text>
		
		<text name="md_developer">
			<pos>0.81 0.37</pos>
		</text>
		
		<text name="md_lbl_publisher">
			<pos>0.721 0.42</pos>
		</text>
		
		<text name="md_publisher">
			<pos>0.81 0.42</pos>
		</text>
		


		<text name="md_genre">
			<pos>0.78 0.32</pos>
		</text>
		
		<image name="gridtile_background_selected" >
			<path>./art/selector.png</path>
			<color>${themecolor}</color>
		</image>
		
		<image name="gridtile_background">
			<path>./art/selector.png</path>
			<color>42424200</color>
		</image>
		
		<text name="gridtile_text">
			<color>00000000</color>
		</text>
		
		<container name="gridRowsAndColumns">
			<size>4 3</size>
		</container>
		
		<container name="md_grid_margin">
			<size>0.03 0.03</size>
		</container>
		<gridtile name="selected">
			<backgroundColor>${themecolor}</backgroundColor>
		</gridtile>

	</view>
	<view name="video">
		<video name="md_video">
			<pos>0.725 0.33</pos>
			<maxSize>0.400 0.4</maxSize>
			<origin>0.5 0.5</origin>
			<delay>3</delay>
			<showSnapshotNoVideo>false</showSnapshotNoVideo>
			<showSnapshotDelay>true</showSnapshotDelay>
		</video>
		<image name="md_marquee">
        		<origin>0.5 0.5</origin>
        		<pos>0.725 0.04</pos>
        		<maxSize>0.2 0.07</maxSize>
    		</image>
	</view>

</theme>
