<theme>
    <formatVersion>3</formatVersion>
    <include>./../material.xml</include>

	<view name="system">

		<image name="background" extra="true">
			<color>ce021b</color>
		</image>
		<image name="controller" extra="true">
			<path>./mario.svg</path>
			<origin>1 0.5</origin>
			<pos>0.995 0.83</pos>
			<maxSize>0.28 0.3</maxSize>
			<color>000000</color>
		</image>
		<image name="console" extra="true">
			<path>./mario.png</path>
			<origin>0.5 0.5</origin>
			<pos>0.5 0.17</pos>
			<maxSize>0.2 0.2</maxSize>
		</image>
				
		<text name="desc" extra="true">
			<text>Super Mario is a platform game series created by Nintendo starring their mascot, Mario. It is the central series of the greater Mario franchise. At least one Super Mario game has been released for every major Nintendo video game console.</text>
		</text>

	</view>

	<view name="basic, detailed, grid, video">

		<image name="background">
			<color>ce021b</color>
		</image>

	</view>
</theme>
