<theme>
    <formatVersion>3</formatVersion>
    <include>./../material.xml</include>

	<view name="system">

		<image name="background" extra="true">
			<color>367fc8</color>
		</image>
		<text name="desc" extra="true">
			<text>Atari 8 bit is a series of 8-bit home computers introduced by Atari, Inc. in 1979 and produced until 1992. All machines in the family are technically similar and differ primarily in packaging.</text>
		</text>
	</view>

	<view name="basic, detailed, grid, video">
		
		<image name="background">
			<color>367fc8</color>
		</image>

	</view>

</theme>
