<theme>
    <formatVersion>3</formatVersion>
    <include>./../material.xml</include>

	<view name="system">

		<image name="background" extra="true">
			<color>002255</color>
		</image>

		<text name="desc" extra="true">
			<text>The Commodore 64 is an 8 Bit personal computer introduced in 1982 by Commodore International. This model holds the world record for the highest-selling single computer model of all time.</text>
		</text>
	</view>

	<view name="basic, detailed, grid, video">
		
		<image name="background">
			<color>002255</color>
		</image>

	</view>

</theme>