<theme>
    <formatVersion>3</formatVersion>
    <include>./../material.xml</include>

	<view name="system">

		<image name="background" extra="true">
			<color>ba0001</color>
		</image>

		<text name="desc" extra="true">
			<text>The Atari Jaguar was the first 64 bit video game console released in 1993. It was a bad enough commercial failure that it put Atari out of the home video game console business.</text>
		</text>
	</view>

	<view name="basic, detailed, grid, video">
		
		<image name="background">
			<color>ba0001</color>
		</image>

	</view>

</theme>
