<theme>
    <formatVersion>3</formatVersion>
    <include>./../material.xml</include>

	<view name="system">

		<image name="background" extra="true">
			<color>8ed703</color>
		</image>

		<text name="desc" extra="true">
			<text>ScummVM stands for Script Creation Utility for Maniac Mansion (VM stands for virtual machine). ScummVM is a program which allows you to run certain classic graphical point-and-click adventure games, provided you already have their data files</text>
		</text>
	</view>

	<view name="basic, detailed, grid, video">
		
		<image name="background">
			<color>8ed703</color>
		</image>

	</view>
</theme>
