<theme>
    <formatVersion>3</formatVersion>
    <include>./../material.xml</include>

	<view name="system">

		<image name="background" extra="true">
			<color>1b1b1b</color>
		</image>

		<image name="controller" extra="true">
			<path>./ports.svg</path>
			<origin>1 0.5</origin>
			<pos>0.995 0.83</pos>
			<maxSize>0.28 0.3</maxSize>
			<color>000000</color>
		</image>
		<image name="console" extra="true">
			<path>./doom.png</path>
			<origin>0.5 0.5</origin>
			<pos>0.5 0.17</pos>
			<maxSize>0.2 0.2</maxSize>
		</image>

		<text name="desc" extra="true">
			<text>The Doom video games consist of first-person shooters in which the player controls an unnamed space marine commonly referred to as Doomguy; in the 2016 series, the protagonist is called the "Doom Slayer" or just "Slayer" in later entries. The player battles the forces of Hell, consisting of demons and the undead. The games are usually set within sprawling bases on Mars or its moons, while some parts occur in Hell.</text>
		</text>
	</view>

	<view name="basic, detailed, grid, video">
		
		<image name="background">
			<color>1b1b1b</color>
		</image>

	</view>
</theme>
