<theme>
    <formatVersion>3</formatVersion>
    <include>./../material.xml</include>

	<view name="system">

		<image name="background" extra="true">
			<color>086565</color>
		</image>

		<text name="desc" extra="true">
			<text>The Vectrex is a vector display-based home video game console released in 1982. On October 27, 1992, Smith Engineering granted permission for the original Vectrex ROMs, manuals, and other original content to be freely distributed for non-commercial purposes.</text>
		</text>
	</view>

	<view name="basic, detailed, grid, video">
		
		<image name="background">
			<color>086565</color>
		</image>

	</view>
</theme>
