<theme>
    <formatVersion>3</formatVersion>
    <include>./../material.xml</include>

	<view name="system">

		<image name="background" extra="true">
			<color>ac4225</color>
		</image>

		<image name="controller" extra="true">
			<path>./dk.svg</path>
			<origin>1 0.5</origin>
			<pos>0.995 0.83</pos>
			<maxSize>0.28 0.3</maxSize>
		</image>
		<image name="console" extra="true">
			<path>./dk.png</path>
			<origin>0.5 0.5</origin>
			<pos>0.5 0.17</pos>
			<maxSize>0.2 0.2</maxSize>
		</image>

		<text name="desc" extra="true">
			<text>Donkey Kong is a video game series and media franchise created by the Japanese game designer Shigeru Miyamoto for Nintendo. The franchise follows the adventures of Donkey Kong, a large, powerful gorilla.</text>
		</text>
	</view>

	<view name="basic, detailed, grid, video">
		
		<image name="background">
			<color>ac4225</color>
		</image>

	</view>
</theme>
