<theme>
    <formatVersion>3</formatVersion>
    <include>./../material.xml</include>

	<view name="system">

		<image name="background" extra="true">
			<color>c72927</color>
		</image>

		<image name="logo">
			<path>./logo.svg</path>
		</image>
		<image name="controller" extra="true">
    			<origin>0.5 0</origin>
    			<pos>0.5 0.01</pos>
			<size>0.28 0.3</size>
			<color>000000</color>
		</image>


	</view>

	<view name="basic, detailed, grid, video">
		
		<image name="background">
			<color>c72927</color>
		</image>
		<image name="logo">
			<path>./system.svg</path>
		</image>

	</view>

</theme>