<theme>
    <formatVersion>3</formatVersion>
    <include>./../material.xml</include>

	<view name="system">

		<image name="background" extra="true">
			<color>1b1b1b</color>
		</image>

		<text name="desc" extra="true">
			<text>Game & Watch is a line of handheld electronic games produced by Nintendo from 1980 to 1991.</text>
		</text>

	</view>

	<view name="basic, detailed, grid, video">

		<image name="background">
			<color>1b1b1b</color>
		</image>

		<image name="logo">
			<path>./logo.png</path>
			<color>FFFFFF</color>
		</image>

	</view>

</theme>