<theme>
    <formatVersion>3</formatVersion>
    <include>./../material.xml</include>

	<view name="system">

		<image name="background" extra="true">
			<color>c72927</color>
		</image>

		<text name="desc" extra="true">
			<text>The Arduboy is a handheld game console with open source software, based on the Arduino hardware platform. released by Kevin Bates in 2016</text>
		</text>
	</view>

	<view name="basic, detailed, grid, video">
		
		<image name="background">
			<color>c72927</color>
		</image>

	</view>


</theme>
