<theme>
    <formatVersion>3</formatVersion>
    <include>./../material.xml</include>

	<view name="system">

		<image name="background" extra="true">
			<color>12579e</color>
		</image>

		<text name="desc" extra="true">
			<text>The Sega 32X was released as an add-on for the Sega Genesis/Mega Drive in 1994. There was a whopping total of 40 games for this console; It was considered a commercial failure.</text>
		</text>
	</view>

	<view name="basic, detailed, grid, video">
		
		<image name="background">
			<color>12579e</color>
		</image>

	</view>
</theme>
