<theme>
    <formatVersion>3</formatVersion>
    <include>./../material.xml</include>

	<view name="system">

		<image name="background" extra="true">
			<color>88B5CC</color>
		</image>

		<text name="desc" extra="true">
			<text>The Nintendo DS is a handheld video game console that was released by Nintendo in 2004. The DS stands for Dual Screen.</text>
		</text>
	</view>

	<view name="basic, detailed, grid, video">
		
		<image name="background">
			<color>88b5cc</color>
		</image>

	</view>
</theme>
