<theme>
    <formatVersion>3</formatVersion>
    <include>./../material.xml</include>

	<view name="system">

		<image name="background" extra="true">
			<color>2e5dc9</color>
		</image>

		<text name="desc" extra="true">
			<text>The MSX was a 8bit personal computer standard developed by ASCII in 1983. Microsoft provided the BASIC interpreter and later MSX-DOS. Various electronics vendors made MSX systems such as Canon, Casio, Daewoo, Fujitsu, Goldstar (LG), Hitachi, JVC, Mitsubishi, Panasonic, Philips, Pioneer, Samsung, Sanyo, Sony, Toshiba, Yamaha and various others. The MSX was followed by the MSX2, after which manufacturers abandoned the market outside Japan due to limited success. In Japan a few manufacturers still held out and released the MSX2+ and finally the TurboR. MSX had its greatest success in Japan, and was able to establish some market share in countries like the Netherlands, Spain and Brazil.</text>
		</text>
	</view>

	<view name="basic, detailed, grid, video">
		
		<image name="background">
			<color>2e5dc9</color>
		</image>

	</view>
</theme>
