<theme>
    <formatVersion>3</formatVersion>
    <include>./../material.xml</include>

	<view name="system">

		<image name="background" extra="true">
			<color>f50019</color>
		</image>

		<text name="desc" extra="true">
			<text>The Dragon 32 and Dragon 64 were home computers originally released in 1980. The 32 and 64 refer to the kilobytes of RAM.</text>
		</text>
	</view>

	<view name="basic, detailed, grid, video">
		
		<image name="background">
			<color>f50019</color>
		</image>

	</view>

</theme>
