<theme>
    <formatVersion>3</formatVersion>
    <include>./../material.xml</include>

	<view name="system">

		<image name="background" extra="true">
			<color>ff8800</color>
		</image>

		<text name="desc" extra="true">
			<text>An arcade game or coin-op game is a coin-operated entertainment machine typically installed in public businesses such as restaurants, bars and amusement arcades. Most arcade games are presented as primarily games of skill and include arcade video games, pinball machines, electro-mechanical games, redemption games or merchandisers.</text>
		</text>

	</view>

	<view name="basic, detailed, grid, video">
		
		<image name="background">
			<color>ff8800</color>
		</image>

	</view>

</theme>
