<theme>
    <formatVersion>3</formatVersion>
    <include>./../material.xml</include>

	<view name="system">

		<image name="background" extra="true">
			<color>000000</color>
		</image>

		<text name="desc" extra="true">
			<text>Infocom created a bunch of text based adventure games to be utilised by a Z-Machine interpreter (i.e. an emulator). Notable titles include the Zork Series and The Hitchhikers Guide to the Galaxy.</text>
		</text>
	</view>

	<view name="basic, detailed, grid, video">
		
		<image name="background">
			<color>000000</color>
		</image>

	</view>
</theme>
