<theme>
    <formatVersion>3</formatVersion>
    <include>./../material.xml</include>

	<view name="system">

		<image name="background" extra="true">
			<color>ba0001</color>
		</image>

		<text name="desc" extra="true">
			<text>The Atari Jaguar CD is a CD-ROM peripheral for the Jaguar video game console. Atari announced a CD-ROM drive for the Jaguar before the console's November 1993 launch. Codenamed Jaguar II during development, the Jaguar CD was released on September 21, 1995 for US$149.95.</text>
		</text>
	</view>

	<view name="basic, detailed, grid, video">
		
		<image name="background">
			<color>ba0001</color>
		</image>

	</view>

</theme>
