<theme>
    <formatVersion>3</formatVersion>
    <include>./../material.xml</include>

	<view name="system">

		<image name="background" extra="true">
			<color>ba0001</color>
		</image>

		<text name="desc" extra="true">
			<text>The Nintendo Entertainment System (NES) is an 8-bit home video game console that was released by Nintendo in 1985. This console officially ended the video game crash of 1983-1984.</text>
		</text>
	</view>

	<view name="basic, detailed, grid, video">
		
		<image name="background">
			<color>ba0001</color>
		</image>

	</view>
</theme>