<theme>
    <formatVersion>3</formatVersion>
    <include>./../material.xml</include>

	<view name="system">

		<image name="background" extra="true">
			<color>1b1b1b</color>
		</image>

		<text name="desc" extra="true">
			<text>The Panasonic 3do Real Multiplayer was a Home Video Game Console developed by the 3do company in 1994. Its humongous price tag of $700 and oversaturation in the video game market at the time meant it was a commercial failure.</text>
		</text>
	</view>

	<view name="basic, detailed, grid, video">

		<image name="background" extra="true">
			<color>1b1b1b</color>
		</image>

	</view>

</theme>
