<theme>
    <formatVersion>3</formatVersion>
    <include>./../material.xml</include>

	<view name="system">

		<image name="background" extra="true">
			<color>cf3311</color>
		</image>

		<text name="desc" extra="true">
			<text>The Sega Dreamcast is a 6th generation home video game console released by Sega in 1998. It is notably the last console that Sega produced.</text>
		</text>
	</view>

	<view name="basic, detailed, grid, video">
		
		<image name="background">
			<color>cf3311</color>
		</image>

	</view>

</theme>
