<theme>
    <formatVersion>3</formatVersion>
    <include>./../material.xml</include>

	<view name="system">

		<image name="background" extra="true">
			<color>fe6a00</color>
		</image>

		<text name="desc" extra="true">
			<text>Laserdiscs were predecessors to the DVD. The first laserdisc game was released in 1982. Laserdisc games function much like interactive fiction where you choose your own story and the video adapts to the path you choose to take.</text>
		</text>
	</view>

	<view name="basic, detailed, grid, video">
		
		<image name="background">
			<color>fe6a00</color>
		</image>

	</view>

</theme>
