<theme>
    <formatVersion>3</formatVersion>
    <include>./../material.xml</include>

	<view name="system">

		<image name="background" extra="true">
			<color>ff0000</color>
		</image>

		<text name="desc" extra="true">
			<text>This console, known as the PC Engine in Japan and as the TurboGrafx-16 Entertainment SuperSystem in the USA, is a home video game console joint-developed by Hudson Soft and NEC, released in 1987.</text>
		</text>
	</view>

	<view name="basic, detailed, grid, video">
		
		<image name="background">
			<color>ff0000</color>
		</image>

	</view>
</theme>
