<theme>
    <formatVersion>3</formatVersion>
    <include>./../material.xml</include>

	<view name="system">

		<image name="background" extra="true">
			<color>1f70c1</color>
		</image>

		<text name="desc" extra="true">
			<text>DOS is a family of disk-based operating systems for IBM PC compatible computers. The DOS family primarily consists of IBM PC DOS and a rebranded version, Microsoft's MS-DOS, both of which were introduced in 1981. Later compatible systems from other manufacturers include DR-DOS (1988), ROM-DOS (1989), PTS-DOS (1993), and FreeDOS (1998). MS-DOS dominated the IBM PC compatible market between 1981 and 1995.</text>
		</text>
	</view>

	<view name="basic, detailed, grid, video">
		
		<image name="background">
			<color>1f70c1</color>
		</image>

	</view>
</theme>
