<theme>
    <formatVersion>3</formatVersion>
    <include>./../material.xml</include>

	<view name="system">

		<image name="background" extra="true">
			<color>328db7</color>
		</image>

		<text name="desc" extra="true">
			<text>MAME stands for Multiple Arcade Machine Emulator. MAME can emulate thousands of games that otherwise would have been lost in the ash-heaps of history.</text>
		</text>
	</view>

	<view name="basic, detailed, grid, video">
		
		<image name="background">
			<color>328db7</color>
		</image>

	</view>
</theme>