<theme>
    <formatVersion>3</formatVersion>
    <include>./../material.xml</include>

	<view name="system">

		<image name="background" extra="true">
			<color>993434</color>
		</image>

		<text name="desc" extra="true">
			<text>eThe Fairchild Channel F (short for "Channel Fun") was the first videogame system to use a microprocessor and game cartridges. It was first released in 1976 with a price of $169.95 and was discontinued in 1983.</text>
		</text>
	</view>

	<view name="basic, detailed, grid, video">
		
		<image name="background">
			<color>993434</color>
		</image>

	</view>

</theme>
