<theme>
    <formatVersion>3</formatVersion>
    <include>./../material.xml</include>

	<view name="system">

		<image name="background" extra="true">
			<color>cf8a61</color>
		</image>

		<text name="desc" extra="true">
			<text>FinalBurn Alpha (FB Alpha or FBA) is a source-available, multi-arcade emulator. It is currently inactive since most developers left the project.</text>
		</text>
	</view>

	<view name="basic, detailed, grid, video">
		
		<image name="background">
			<color>cf8a61</color>
		</image>

	</view>

</theme>