<theme>
    <formatVersion>3</formatVersion>
    <include>./../material.xml</include>

	<view name="system">

		<image name="background" extra="true">
			<color>f57e25</color>
		</image>

		<text name="desc" extra="true">
			<text>The Magnavox Odyssey2 known in Europe as the Philips Videopac G7000 (and a bunch of other names a bunch of other places) is a home video game console released in 1978. One of the earliest gaming consoles, it is one of the least known today. Games are quite similar in detail to that of Atari 2600.</text>
		</text>
	</view>

	<view name="basic, detailed, grid, video">
		
		<image name="background">
			<color>f57e25</color>
		</image>

	</view>
</theme>
