<theme>
    <formatVersion>3</formatVersion>
    <include>./../material.xml</include>

	<view name="system">

		<image name="background" extra="true">
			<color>dbbd3b</color>
		</image>

		<text name="desc" extra="true">
			<text>ResidualVM is a game engine reimplementation that allows you to play 3D adventure games such as Grim Fandango, Escape from Monkey Island, Myst III and The Longest Journey.</text>
		</text>
	</view>

	<view name="basic, detailed, grid, video">
		
		<image name="background">
			<color>dbbd3b</color>
		</image>

	</view>
</theme>
